Priority,Section,Category,Task,Status,Description,Effort
P0,Core Auth,Security,Implement rate limiting on auth endpoints,Not Started,Prevent brute force attacks on login/signup,M
P0,Core Auth,Security,Add MFA/2FA support,Not Started,Two-factor authentication for enterprise accounts,L
P0,Core Auth,Security,Implement session timeout and forced logout,Partial,Auto-logout after inactivity period,S
P0,Core Auth,Security,Add IP-based access restrictions,Not Started,Allow/block specific IP ranges for enterprise,M
P0,Core Auth,Security,Implement account lockout after failed attempts,Not Started,Lock account after X failed login attempts,S
P0,Core Auth,Compliance,Add audit logging for all auth events,Partial,Log login/logout/password changes with IP/timestamp,M
P0,Core Auth,Compliance,Implement SSO/SAML integration,Not Started,Enterprise SSO for business accounts,XL
P0,Core Auth,Compliance,Add OAuth providers (Google/Microsoft/GitHub),Not Started,Social login options for enterprise users,L
P0,Core Auth,Features,Implement password policy enforcement,Not Started,Min length/complexity/history requirements,S
P0,Core Auth,Features,Add email verification requirement,Partial,Verify email before account activation,S
P0,Core Auth,Features,Implement device/session management,Not Started,View and revoke active sessions,M
P0,Core Auth,Features,Add login notifications,Not Started,Email alerts for new device logins,S
P1,Media,Storage,Implement CDN integration,Not Started,Content delivery network for faster global access,L
P1,Media,Storage,Add image optimization pipeline,Not Started,Auto-resize/compress images on upload,M
P1,Media,Storage,Implement video transcoding,Not Started,Support video uploads with adaptive streaming,XL
P1,Media,Storage,Add thumbnail generation for all file types,Partial,Auto-generate previews for PDFs/docs/videos,M
P1,Media,Security,Implement virus/malware scanning,Not Started,Scan uploaded files before storage,L
P1,Media,Security,Add signed URL expiration controls,Partial,Configurable download link expiration,S
P1,Media,Security,Implement DRM for protected content,Not Started,Digital rights management for premium content,XL
P1,Media,Features,Add media library management,Partial,Organize/search/tag media assets,M
P1,Media,Features,Implement bulk upload with progress,Partial,Upload multiple files with progress tracking,M
P1,Media,Features,Add image editor integration,Not Started,Basic crop/resize/rotate within app,L
P1,Media,Compliance,Implement storage quotas per plan,Partial,Enforce storage limits by subscription tier,S
P1,Media,Performance,Add lazy loading for media galleries,Partial,Progressive loading for large collections,S
P2,CRM,Core,Build contact management system,Not Started,Full contact database with custom fields,XL
P2,CRM,Core,Implement lead scoring engine,Not Started,Automated lead qualification based on behavior,L
P2,CRM,Core,Add contact segmentation,Not Started,Create dynamic segments based on criteria,L
P2,CRM,Core,Build customer timeline/activity feed,Not Started,Complete history of interactions per contact,M
P2,CRM,Features,Implement deal/pipeline management,Not Started,Sales pipeline with stages and forecasting,XL
P2,CRM,Features,Add task management for contacts,Not Started,Schedule follow-ups and reminders,M
P2,CRM,Features,Build contact import/export (CSV/Excel),Not Started,Bulk data migration tools,M
P2,CRM,Features,Implement contact deduplication,Not Started,Find and merge duplicate contacts,M
P2,CRM,Integration,Add email integration (Gmail/Outlook),Not Started,Sync emails with contact records,L
P2,CRM,Integration,Implement calendar sync,Not Started,Meeting scheduling with calendar integration,L
P2,CRM,Automation,Build lead capture from all touchpoints,Partial,Auto-create contacts from forms/downloads/etc,M
P2,CRM,Analytics,Add customer lifetime value tracking,Not Started,Calculate and display CLV metrics,M
P3,GPS,Tracking,Implement visitor geolocation,Not Started,Track visitor location from IP/browser,M
P3,GPS,Analytics,Build location-based analytics dashboard,Not Started,Map visualization of visitor distribution,L
P3,GPS,Features,Add geo-targeting for content,Not Started,Show different content based on location,M
P3,GPS,Features,Implement regional pricing,Not Started,Different pricing by country/region,M
P3,GPS,Compliance,Add GDPR location consent,Not Started,Explicit consent for location tracking,S
P3,GPS,Compliance,Implement data residency controls,Not Started,Store data in specific regions for compliance,L
P0,Billing,Security,Implement PCI compliance verification,Partial,Verify Stripe integration meets PCI standards,M
P0,Billing,Core,Add invoice generation and history,Not Started,Generate downloadable invoices,M
P0,Billing,Core,Implement prorated upgrades/downgrades,Partial,Handle mid-cycle plan changes correctly,M
P0,Billing,Core,Add usage-based billing option,Not Started,Bill based on actual usage metrics,L
P0,Billing,Core,Implement multiple payment methods,Partial,Card/bank/PayPal support,M
P0,Billing,Features,Build billing admin dashboard,Partial,View/manage all subscriptions,M
P0,Billing,Features,Add coupon/promo code support,Not Started,Discount codes for marketing,M
P0,Billing,Features,Implement trial periods,Not Started,Free trial with auto-conversion,S
P0,Billing,Features,Add annual billing with discount,Partial,Yearly plans with savings,S
P0,Billing,Compliance,Implement tax calculation (VAT/GST),Not Started,Auto-calculate regional taxes,L
P0,Billing,Compliance,Add billing address collection,Partial,Required for tax compliance,S
P0,Billing,Notifications,Build payment failure handling,Partial,Retry logic and user notifications,M
P0,Billing,Notifications,Add subscription renewal reminders,Not Started,Email before renewal date,S
P0,Billing,Analytics,Build revenue analytics dashboard,Not Started,MRR/ARR/churn metrics,L
P1,Templates,Core,Build template marketplace/gallery,Not Started,Browse and preview available templates,L
P1,Templates,Core,Implement template categories,Partial,Organize templates by use case,S
P1,Templates,Core,Add premium template tier,Not Started,Paid templates for business users,M
P1,Templates,Builder,Build drag-and-drop page builder,Not Started,Visual page construction interface,XL
P1,Templates,Builder,Add component library,Partial,Reusable blocks (headers/footers/CTAs),L
P1,Templates,Builder,Implement responsive preview,Partial,Mobile/tablet/desktop preview modes,M
P1,Templates,Features,Add template duplication/cloning,Partial,Copy and modify existing templates,S
P1,Templates,Features,Build template versioning,Not Started,Save/restore previous versions,M
P1,Templates,Features,Implement template sharing,Not Started,Share templates between team members,M
P1,Templates,Customization,Add custom fonts support,Not Started,Upload/select from font library,M
P1,Templates,Customization,Build color scheme editor,Partial,Brand colors and themes,M
P1,Templates,Customization,Implement custom code injection,Partial,Add custom HTML/CSS/JS,M
P0,Storage,Security,Implement encryption at rest,Partial,Encrypt all stored files,M
P0,Storage,Security,Add encryption in transit (TLS),Complete,HTTPS for all transfers,S
P0,Storage,Security,Implement access control lists,Partial,Granular file permissions,M
P0,Storage,Compliance,Add data retention policies,Not Started,Auto-delete old files per policy,M
P0,Storage,Compliance,Implement backup and disaster recovery,Not Started,Regular backups with restore capability,L
P0,Storage,Compliance,Add GDPR data deletion,Partial,Right to be forgotten implementation,M
P0,Storage,Features,Build file versioning,Not Started,Keep previous versions of files,M
P0,Storage,Features,Implement folder organization,Partial,Hierarchical file structure,M
P0,Storage,Features,Add file sharing with permissions,Partial,Share files with specific users/teams,M
P0,Storage,Performance,Implement chunked uploads,Partial,Large file upload support,M
P0,Storage,Performance,Add download resume support,Not Started,Resume interrupted downloads,M
P0,Storage,Quotas,Build storage usage dashboard,Partial,Visual storage consumption display,S
P1,Documents,Core,Add PDF generation from pages,Not Started,Export landing pages as PDF,M
P1,Documents,Core,Implement document viewer,Not Started,View docs without downloading,M
P1,Documents,Core,Build document templates,Not Started,Fillable document templates,L
P1,Documents,Features,Add e-signature integration,Not Started,DocuSign/HelloSign integration,L
P1,Documents,Features,Implement document annotations,Not Started,Comments and markup on documents,L
P1,Documents,Features,Build document collaboration,Not Started,Multiple editors with versioning,XL
P1,Documents,Search,Add full-text document search,Not Started,Search within document content,L
P1,Documents,Search,Implement OCR for scanned docs,Not Started,Extract text from images/scans,L
P1,Documents,Compliance,Add watermarking options,Not Started,Auto-watermark downloaded docs,M
P2,AI,Content,Build AI content generation,Not Started,Generate headlines/copy/descriptions,L
P2,AI,Content,Add AI writing assistant,Not Started,Inline writing suggestions and improvements,L
P2,AI,Content,Implement AI image generation,Not Started,Generate images from text prompts,L
P2,AI,Analytics,Build AI-powered insights,Not Started,Automated analytics recommendations,L
P2,AI,Analytics,Add predictive analytics,Not Started,Forecast conversions/trends,XL
P2,AI,Personalization,Implement AI content personalization,Not Started,Dynamic content based on visitor,L
P2,AI,Personalization,Add smart A/B test suggestions,Not Started,AI-recommended test variants,M
P2,AI,Automation,Build AI chatbot integration,Not Started,Customer support chatbot,L
P2,AI,SEO,Add AI SEO recommendations,Not Started,Auto-suggest SEO improvements,M
P2,AI,Translation,Implement AI translation,Not Started,Auto-translate content to other languages,L
P1,Blog,Core,Complete blog post management,Partial,Full CRUD for blog posts,M
P1,Blog,Core,Build blog frontend display,Not Started,Public blog with categories/tags,L
P1,Blog,Core,Implement blog comments,Not Started,User comments with moderation,M
P1,Blog,Features,Add blog post scheduling,Not Started,Schedule posts for future publish,S
P1,Blog,Features,Implement blog RSS feed,Not Started,RSS/Atom feed generation,S
P1,Blog,Features,Add blog post versioning,Not Started,Draft/revision history,M
P1,Blog,Features,Build related posts suggestions,Not Started,Auto-suggest related content,M
P1,Blog,SEO,Implement blog-specific SEO,Partial,Meta tags/schema/sitemap for posts,M
P1,Blog,Social,Add social sharing buttons,Not Started,Share to social platforms,S
P1,Blog,Analytics,Build blog analytics,Not Started,Per-post views/engagement metrics,M
P0,SEO,Technical,Implement dynamic meta tags,Partial,Page-specific title/description/image,M
P0,SEO,Technical,Add structured data (Schema.org),Partial,JSON-LD for pages/products/articles,M
P0,SEO,Technical,Build dynamic sitemap generation,Partial,Auto-update sitemap with new pages,M
P0,SEO,Technical,Implement canonical URLs,Partial,Prevent duplicate content issues,S
P0,SEO,Technical,Add robots.txt management,Partial,Control crawler access,S
P0,SEO,Performance,Implement Core Web Vitals optimization,Not Started,LCP/FID/CLS improvements,L
P0,SEO,Performance,Add image alt text management,Partial,SEO-friendly image descriptions,S
P0,SEO,Performance,Implement page speed optimization,Partial,Code splitting/lazy loading/caching,L
P0,SEO,Features,Build SEO audit tool,Not Started,Check pages for SEO issues,M
P0,SEO,Features,Add keyword tracking,Not Started,Monitor keyword rankings,L
P0,SEO,Features,Implement redirect management,Not Started,301/302 redirect rules,M
P0,SEO,Analytics,Add search console integration,Not Started,Google Search Console data,M
P0,SEO,Social,Implement Open Graph tags,Partial,Social sharing previews,S
P0,SEO,Social,Add Twitter Cards,Partial,Twitter-specific meta tags,S
P1,Automation,Email,Complete email sequence builder,Partial,Visual email workflow creator,L
P1,Automation,Email,Add email template library,Partial,Pre-built email templates,M
P1,Automation,Email,Implement email personalization,Partial,Dynamic content in emails,M
P1,Automation,Email,Build email analytics,Partial,Open/click/bounce tracking,M
P1,Automation,Workflows,Build visual workflow builder,Not Started,Drag-and-drop automation flows,XL
P1,Automation,Workflows,Add conditional logic (if/then),Not Started,Branch workflows based on conditions,L
P1,Automation,Workflows,Implement trigger events,Partial,Start workflows from events,M
P1,Automation,Workflows,Add delay/wait steps,Partial,Time-based workflow delays,S
P1,Automation,Integrations,Build Zapier integration,Not Started,Connect to 5000+ apps,L
P1,Automation,Integrations,Add Make.com integration,Not Started,Advanced automation scenarios,L
P1,Automation,Integrations,Implement native integrations,Not Started,Direct API connections to popular tools,XL
P1,Automation,Notifications,Build notification automation,Not Started,Auto-notify on events,M
P1,Automation,Notifications,Add Slack/Teams integration,Not Started,Team chat notifications,M
P0,Testing,Unit,Implement unit testing framework,Not Started,Jest/Vitest setup and configuration,M
P0,Testing,Unit,Write unit tests for hooks,Not Started,Test all custom React hooks,L
P0,Testing,Unit,Write unit tests for utilities,Not Started,Test helper functions,M
P0,Testing,Integration,Implement integration tests,Not Started,Test API integrations,L
P0,Testing,Integration,Add database test suite,Not Started,Test RLS policies and queries,L
P0,Testing,E2E,Set up E2E testing (Playwright/Cypress),Not Started,Browser automation testing,L
P0,Testing,E2E,Write critical path tests,Not Started,Test auth/billing/core flows,L
P0,Testing,CI/CD,Implement CI pipeline,Not Started,Automated testing on PR,M
P0,Testing,CI/CD,Add code coverage tracking,Not Started,Coverage reports and thresholds,S
P0,Monitoring,Errors,Implement error tracking (Sentry),Not Started,Centralized error monitoring,M
P0,Monitoring,Performance,Add APM (Application Performance),Not Started,Track response times/bottlenecks,M
P0,Monitoring,Logging,Implement structured logging,Not Started,JSON logs with context,M
P0,Monitoring,Logging,Add log aggregation,Not Started,Centralized log management,M
P0,Monitoring,Uptime,Implement uptime monitoring,Not Started,Alert on downtime,S
P0,Monitoring,Uptime,Add health check endpoints,Not Started,Status page integration,S
P0,Monitoring,Metrics,Build business metrics dashboard,Not Started,KPIs and growth metrics,L
P0,Monitoring,Alerting,Implement alerting system,Not Started,PagerDuty/Opsgenie integration,M
P0,Infrastructure,Scaling,Implement database connection pooling,Not Started,Handle high connection counts,M
P0,Infrastructure,Scaling,Add horizontal scaling capability,Not Started,Multi-instance deployment,L
P0,Infrastructure,Scaling,Implement caching layer (Redis),Not Started,Reduce database load,M
P0,Infrastructure,Scaling,Add queue system for jobs,Not Started,Background job processing,M
P0,Infrastructure,DR,Implement automated backups,Not Started,Scheduled database backups,M
P0,Infrastructure,DR,Add disaster recovery plan,Not Started,Document and test DR procedures,L
P0,Infrastructure,DR,Implement multi-region failover,Not Started,Geographic redundancy,XL
P0,Infrastructure,Security,Add WAF (Web Application Firewall),Not Started,Protection against attacks,M
P0,Infrastructure,Security,Implement DDoS protection,Not Started,Traffic filtering and rate limiting,M
P0,Infrastructure,CI/CD,Build deployment pipeline,Partial,Automated deployment process,M
P0,Infrastructure,CI/CD,Add staging environment,Not Started,Test before production,M
P0,Infrastructure,CI/CD,Implement blue-green deployment,Not Started,Zero-downtime deployments,L
P0,Compliance,Privacy,Complete GDPR compliance,Partial,All GDPR requirements met,L
P0,Compliance,Privacy,Implement CCPA compliance,Not Started,California privacy requirements,M
P0,Compliance,Privacy,Add data processing agreements,Not Started,DPA for enterprise customers,M
P0,Compliance,Security,Achieve SOC 2 compliance,Not Started,Security audit and certification,XL
P0,Compliance,Security,Implement penetration testing,Not Started,Regular security audits,L
P0,Compliance,Data,Add data export functionality,Partial,User data portability,M
P0,Compliance,Data,Implement right to deletion,Partial,Complete data removal capability,M
P0,Compliance,Legal,Update terms of service,Partial,Comprehensive legal terms,M
P0,Compliance,Legal,Update privacy policy,Partial,Clear data handling disclosure,M
P0,Compliance,Accessibility,Implement WCAG 2.1 AA compliance,Not Started,Accessibility standards,L
P1,Admin,Dashboard,Build admin overview dashboard,Partial,Key metrics at a glance,M
P1,Admin,Users,Complete user management system,Partial,View/edit/disable users,M
P1,Admin,Users,Add user impersonation,Not Started,Support can act as user,M
P1,Admin,Content,Complete content moderation system,Partial,Review/approve/reject content,M
P1,Admin,Support,Complete support ticket system,Partial,Full ticket workflow,M
P1,Admin,Support,Add canned responses,Not Started,Pre-written support replies,S
P1,Admin,Analytics,Build admin analytics,Partial,Platform-wide metrics,M
P1,Admin,Features,Complete feature flag management,Partial,Toggle features per user/plan,M
P1,Admin,Billing,Add admin billing management,Partial,Refunds/adjustments/credits,M
P1,Analytics,Core,Implement real-time analytics,Partial,Live visitor tracking,M
P1,Analytics,Core,Add conversion funnels,Partial,Multi-step funnel visualization,M
P1,Analytics,Core,Build cohort analysis,Not Started,User behavior over time,L
P1,Analytics,Core,Implement attribution tracking,Not Started,Traffic source attribution,M
P1,Analytics,Export,Add data export (CSV/Excel),Not Started,Download analytics data,M
P1,Analytics,Export,Build scheduled reports,Not Started,Automated report delivery,M
P1,Analytics,Integration,Add Google Analytics integration,Not Started,GA4 event tracking,M
P1,Analytics,Integration,Implement Facebook Pixel,Not Started,FB conversion tracking,S
P1,Analytics,Integration,Add custom tracking pixels,Not Started,Third-party tracking support,M
P1,Analytics,Performance,Implement pagination for large datasets,Not Started,Handle 10k+ events efficiently,M
P1,Teams,Core,Complete team invitation flow,Partial,Invite by email with roles,M
P1,Teams,Core,Add team billing management,Partial,Consolidated team billing,M
P1,Teams,Permissions,Implement granular permissions,Partial,Fine-grained access control,L
P1,Teams,Permissions,Add custom roles,Not Started,Create custom permission sets,M
P1,Teams,Features,Build team activity feed,Not Started,See all team member actions,M
P1,Teams,Features,Add team audit log,Not Started,Complete activity history,M
P1,Teams,SSO,Implement team SSO,Not Started,Enterprise identity provider,L
P2,Webhooks,Core,Complete webhook management UI,Partial,Create/edit/delete webhooks,M
P2,Webhooks,Security,Implement webhook signature verification,Partial,HMAC signature validation,S
P2,Webhooks,Features,Add webhook retry logic,Partial,Auto-retry failed deliveries,M
P2,Webhooks,Features,Build webhook testing tool,Not Started,Send test payloads,S
P2,Webhooks,Logging,Complete webhook logging,Partial,Full delivery history,M
P2,API,Core,Build public API,Not Started,REST API for integrations,XL
P2,API,Core,Add API documentation,Not Started,OpenAPI/Swagger docs,L
P2,API,Auth,Implement API key management,Not Started,Generate/revoke API keys,M
P2,API,Limits,Add API rate limiting,Not Started,Request throttling per key,M
P2,API,Versioning,Implement API versioning,Not Started,Version management strategy,M
P2,Mobile,Core,Build mobile-responsive optimization,Partial,Perfect mobile experience,M
P2,Mobile,Core,Consider PWA implementation,Not Started,Progressive Web App features,L
P2,Mobile,Core,Add native app (iOS/Android),Not Started,Native mobile applications,XL
P3,Localization,Core,Implement i18n framework,Not Started,Multi-language support,L
P3,Localization,Content,Add content translation system,Not Started,Translate UI and content,L
P3,Localization,Currency,Implement multi-currency,Not Started,Display prices in local currency,M
P3,Localization,Timezone,Add timezone handling,Partial,User timezone preferences,S
P1,Performance,Frontend,Implement code splitting,Partial,Lazy load routes/components,M
P1,Performance,Frontend,Add service worker,Not Started,Offline capability/caching,M
P1,Performance,Frontend,Optimize bundle size,Partial,Tree shaking/compression,M
P1,Performance,Database,Optimize database queries,Partial,Query performance tuning,M
P1,Performance,Database,Add database indexes,Partial,Index frequently queried columns,M
P1,Performance,API,Implement API response caching,Not Started,Cache API responses,M
P1,Performance,Images,Add image optimization,Partial,WebP/AVIF conversion,M
P1,Performance,Images,Implement lazy image loading,Partial,Load images on scroll,S
P0,Documentation,Technical,Write API documentation,Not Started,Complete API reference,L
P0,Documentation,Technical,Create architecture docs,Not Started,System design documentation,M
P0,Documentation,User,Build help center,Partial,User documentation and guides,L
P0,Documentation,User,Create onboarding tutorials,Partial,Interactive walkthroughs,M
P0,Documentation,Developer,Write contributing guide,Not Started,Developer onboarding docs,M
P0,Documentation,Operations,Create runbook,Not Started,Operational procedures,M
